[{"id":"p12","title":"Venetian Canals","image":{"src":"venetian-canals.jpg","alt":"Glistening waters of the Venetian canals as gondolas glide by at sunset."},"lat":45.4408,"lon":12.3155},{"id":"p10","title":"Parisian Streets","image":{"src":"parisian-streets.jpg","alt":"Charming streets of Paris with historic buildings and cafes."},"lat":48.8566,"lon":2.3522},{"id":"p6","title":"Amazon Rainforest Canopy","image":{"src":"rainforest.jpg","alt":"Lush canopy of a rainforest, teeming with life."},"lat":-3.4653,"lon":-62.2159},{"id":"p1","title":"Forest Waterfall","image":{"src":"forest-waterfall.jpg","alt":"A tranquil forest with a cascading waterfall amidst greenery."},"lat":44.5588,"lon":-80.344}]