[{"customer":{"name":"Ashish","email":"ashish@test.com","street":"nagar","city":"nzb","state":"telangana","postal-code":"503002"},"items":[{"item":{"id":"m2","name":"Margherita Pizza","price":"120.99","description":"A classic pizza with fresh mozzarella, tomatoes, and basil on a thin and crispy crust.","image":"images/margherita-pizza.jpg"},"quantity":1},{"item":{"id":"m1","name":"Mac & Cheese","price":"80.99","description":"Creamy cheddar cheese mixed with perfectly cooked macaroni, topped with crispy breadcrumbs. A classic comfort food.","image":"images/mac-and-cheese.jpg"},"quantity":1}],"id":"688.8048793404406"},{"customer":{"name":"test","email":"test@test","street":"test","city":"test","state":"test","postal-code":"1234"},"items":[{"item":{"id":"m3","name":"Caesar Salad","price":"70.99","description":"Romaine lettuce tossed in Caesar dressing, topped with croutons and parmesan shavings.","image":"images/caesar-salad.jpg"},"quantity":1}],"id":"787.070706446233"}]