[{"id":"p2","title":"Sahara Desert Dunes","image":{"src":"desert-dunes.jpg","alt":"Golden dunes stretching to the horizon in the Sahara Desert."},"lat":25,"lon":0},{"id":"p12","title":"Venetian Canals","image":{"src":"venetian-canals.jpg","alt":"Glistening waters of the Venetian canals as gondolas glide by at sunset."},"lat":45.4408,"lon":12.3155},{"id":"p10","title":"Parisian Streets","image":{"src":"parisian-streets.jpg","alt":"Charming streets of Paris with historic buildings and cafes."},"lat":48.8566,"lon":2.3522},{"id":"p6","title":"Amazon Rainforest Canopy","image":{"src":"rainforest.jpg","alt":"Lush canopy of a rainforest, teeming with life."},"lat":-3.4653,"lon":-62.2159}]